Anastasia Beverly Hills	Brow Brush #12	Brow Brush	Tools
Anastasia Beverly Hills	Soft Glam Eyeshadow Palette	Eyeshadow	Eyes
Anastasia Beverly Hills	Soft Glam Eyeshadow Palette	Eyeshadow Palette	Eyes
Beautyblender	Original Beautyblender Makeup Sponge	Makeup Sponge	Tools
Beautyblender	Original Makeup Sponge	Sponge	Tools
Benefit Cosmetics	Angled Brow Brush & Spoolie	Brow Brush	Tools
Benefit Cosmetics	The POREfessional Face Primer	Primer	Skin
Benefit Cosmetics	They're Real! Lengthening Mascara	Mascara	Eyes
Benefit Cosmetics	They’re Real! Lengthening Mascara	Mascara	Eyes
Bobbi Brown	Crushed Lip Color	Lipstick	Lips
Bobbi Brown	Vitamin Enriched Face Base	Primer	Skin
Chanel	Les 4 Ombres Multi-Effect Quadra Eyeshadow	Eyeshadow Palette	Eyes
Chanel	Les Beiges Healthy Glow Foundation	Foundation	Skin
Chanel	Retractable Foundation Brush	Foundation Brush	Tools
Chanel	Rouge Coco Lipstick	Lipstick	Lips
Charlotte Tilbury	Hollywood Flawless Filter	Primer	Skin
Charlotte Tilbury	Matte Revolution Lipstick	Lipstick	Lips
Charlotte Tilbury	Pillow Talk Push Up Lashes Mascara	Mascara	Eyes
Charlotte Tilbury	Powder & Sculpt Brush	Contour Brush	Tools
Clarins	Skin Illusion Foundation SPF 15	Foundation	Skin
Clinique	Almost Lipstick	Lipstick	Lips
Clinique	Even Better Makeup SPF 15 Foundation	Foundation	Skin
Dior	Addict Lip Glow	Lip Balm	Lips
Dior	Backstage Face Brush	Foundation Brush	Tools
Dior	Dior Addict Lip Glow	Lip Balm	Lips
Dior	Diorshow Iconic Overcurl Mascara	Mascara	Eyes
Dior	Forever Skin Glow Foundation	Foundation	Skin
e.l.f.	No Budge Retractable Eyeliner	Eyeliner	Eyes
e.l.f.	Ultimate Blending Brush	Brush	Tools
EcoTools	Full Powder Brush	Powder Brush	Tools
EcoTools	Perfecting Blender Duo	Sponge	Tools
Estée Lauder	Double Wear Stay-in-Place Makeup	Foundation	Skin
Estée Lauder	Pure Color Envy Lipstick	Lipstick	Lips
Fenty Beauty	Gloss Bomb Universal Lip Luminizer	Lip Gloss	Lips
Fenty Beauty	Precision Makeup Sponge 100	Makeup Sponge	Tools
Fenty Beauty	Pro Filt’r Soft Matte Foundation	Foundation	Skin
Fenty Beauty	Snap Shadows Mix & Match Eyeshadow Palette	Eyeshadow	Eyes
Fenty Beauty	Snap Shadows Mix & Match Eyeshadow Palette	Eyeshadow Palette	Eyes
Giorgio Armani	Luminous Silk Foundation	Foundation	Skin
Givenchy	Le Rouge Deep Velvet Lipstick	Lipstick	Lips
Glossier	Generation G Sheer Matte Lipstick	Lipstick	Lips
Guerlain	Mad Eyes Mascara	Mascara	Eyes
Hourglass	Vanish Seamless Finish Foundation Brush	Foundation Brush	Tools
Hourglass	Vanish Seamless Finish Foundation Stick	Foundation Stick	Skin
Huda Beauty	GloWish Multidew Skin Tint	Skin Tint	Skin
Huda Beauty	Liquid Matte Lipstick	Lipstick	Lips
Huda Beauty	Liquid Matte Lipstick	Liquid Lipstick	Lips
Huda Beauty	Nude Obsessions Palette	Eyeshadow Palette	Eyes
IT Cosmetics	Heavenly Luxe Complexion Perfection Brush #7	Brush	Tools
IT Cosmetics	Heavenly Luxe Complexion Perfection Brush #7	Double-Ended Brush	Tools
IT Cosmetics	Your Skin But Better CC+ Cream SPF 50+	CC Cream	Skin
Japonesque	Kumadori Contour & Highlighting Brush	Brush	Tools
KVD Beauty	Tattoo Liner	Liquid Eyeliner	Eyes
L'Oréal	Voluminous Lash Paradise Mascara	Mascara	Eyes
L'Oréal Paris	Voluminous Lash Paradise Mascara	Mascara	Eyes
Lancôme	Hypnôse Drama Mascara	Mascara	Eyes
Lancôme	L'Absolu Rouge Lipstick	Lipstick	Lips
Lancôme	Teint Idole Ultra Wear Foundation	Foundation	Skin
Laura Mercier	Finishing Brush	Powder Brush	Tools
Laura Mercier	Tinted Moisturizer Natural Skin Perfector	Tinted Moisturizer	Skin
Laura Mercier	Translucent Loose Setting Powder	Setting Powder	Skin
MAC	217S Blending Brush	Eyeshadow Brush	Tools
MAC	Matte Lipstick	Lipstick	Lips
MAC	Pro Longwear Paint Pot	Cream Eyeshadow	Eyes
MAC	Studio Fix Fluid SPF 15 Foundation	Foundation	Skin
Make Up For Ever	HD Skin Foundation	Foundation	Skin
Marc Jacobs Beauty	Highliner Gel Eye Crayon	Eyeliner Pencil	Eyes
Maybelline	Fit Me Matte + Poreless Foundation	Foundation	Skin
Maybelline	Lash Sensational Mascara	Mascara	Eyes
Maybelline	SuperStay Matte Ink Liquid Lipstick	Lipstick	Lips
Maybelline	SuperStay Matte Ink Liquid Lipstick	Liquid Lipstick	Lips
Morphe	M439 Deluxe Buffer Brush	Brush	Tools
Morphe	M439 Deluxe Buffer Brush	Foundation Brush	Tools
NARS	Climax Mascara	Mascara	Eyes
NARS	Natural Radiant Longwear Foundation	Foundation	Skin
NARS	Soft Matte Complete Concealer	Concealer	Skin
NARS	Velvet Matte Lip Pencil	Lip Pencil	Lips
NARS	Velvet Matte Lip Pencil	Lipstick	Lips
NYX	Soft Matte Lip Cream	Lipstick	Lips
Pat McGrath Labs	MatteTrance Lipstick	Lipstick	Lips
Pat McGrath Labs	Mothership IX: Huetopian Dream Palette	Eyeshadow Palette	Eyes
Pat McGrath Labs	Sublime Perfection Foundation	Foundation	Skin
Rare Beauty	Lip Soufflé Matte Cream Lipstick	Lipstick	Lips
Rare Beauty	Liquid Touch Brightening Concealer	Concealer	Skin
Rare Beauty	Perfect Strokes Matte Liquid Liner	Eyeliner	Eyes
Real Techniques	Everyday Essentials Makeup Brush Set	Brush Set	Tools
Real Techniques	Miracle Complexion Sponge	Sponge	Tools
Revlon	Super Lustrous Lipstick	Lipstick	Lips
Sephora Collection	Pro Foundation Brush #56	Brush	Tools
Sephora Collection	Pro Foundation Brush #56	Foundation Brush	Tools
Shiseido	Daiya Fude Face Duo Brush	Double-Ended Brush	Tools
Sigma Beauty	Essential Kit - Mrs. Bunny	Brush Set	Tools
Sigma Beauty	F80 Flat Kabuki Brush	Brush	Tools
Smashbox	Photo Finish Foundation Primer	Primer	Skin
Stila	Stay All Day Waterproof Liquid Eye Liner	Liquid Eyeliner	Eyes
Tarte	Shape Tape Concealer	Concealer	Skin
Tarte	Tartelette In Bloom Clay Eyeshadow Palette	Eyeshadow	Eyes
Tarte	The Buffer Airbrush Finish Bamboo Foundation Brush	Brush	Tools
Tarte	The Buffer Airbrush Finish Foundation Brush	Foundation Brush	Tools
Too Faced	Better Than Sex Mascara	Mascara	Eyes
Too Faced	Born This Way Foundation	Foundation	Skin
Too Faced	Born This Way Super Coverage Concealer	Concealer	Skin
Too Faced	Lip Injection Extreme	Lip Plumper	Lips
Urban Decay	Naked3 Eyeshadow Palette	Eyeshadow	Eyes
Urban Decay	Naked3 Eyeshadow Palette	Eyeshadow Palette	Eyes
Urban Decay	Vice Lipstick	Lipstick	Lips
Yves Saint Laurent	Rouge Pur Couture Lipstick	Lipstick	Lips
Yves Saint Laurent	Touche Éclat Le Teint Foundation	Foundation	Skin
Zoeva	Rose Golden Complete Eye Set	Eye Brush Set	Tools
